[
    {
        "model": "api.user",
        "pk": 1,
        "fields": {
            "username": "admin",
            "password": "pbkdf2_sha256$870000$5ZUtrmpTZcvOcLLCiVyv3o$wRNiCe+1Ib3f+Ch0rupDKkHQ0Dmqseq8232NWVgLyS4=",
            "role": "administrator",
            "email": "admin@healthcareims.com"
        }
    },
    {
        "model": "api.user",
        "pk": 2,
        "fields": {
            "username": "johndoe",
            "password": "pbkdf2_sha256$870000$quYmfJgPuwYbjskhfEwUre$gjnkYoBpnOAvNzyNAwuXQpeFBSe5Bgld9A535kb86eA=",
            "role": "medicalStaff",
            "email": "johndoe@healthcareims.com"
        }
    },
    {
        "model": "api.user",
        "pk": 3,
        "fields": {
            "username": "janesmith",
            "password": "pbkdf2_sha256$870000$1ZAbJ6AONoLOpOO0fvlq3z$H8IYTcA3HGk9v5sv4VO9BDyzXNtp6004loRJcYLpDLA=",
            "role": "medicalStaff",
            "email": "janesmith@healthcareims.com"
        }
    },
    {
        "model": "api.user",
        "pk": 4,
        "fields": {
            "username": "sarahlee",
            "password": "pbkdf2_sha256$870000$ykd5nROD1Ua5UxRUMuOblg$gj2seZUS4NLrDiwmDJRbzec+iycNQzr+PVSVbaKOXF0=",
            "role": "medicalStaff",
            "email": "sarahlee@healthcareims.com"
        }
    },
    {
        "model": "api.user",
        "pk": 5,
        "fields": {
            "username": "michaeljohnson",
            "password": "pbkdf2_sha256$870000$kg87PhFi0l26uyfVNnx5TQ$6DJSWdoTfMgZ4D+wCII44UlQ02WUe3XKCD/8zL7Ag6Q=",
            "role": "medicalStaff",
            "email": "michaeljohnson@healthcareims.com"
        }
    },
    {
        "model": "api.user",
        "pk": 6,
        "fields": {
            "username": "emilydavis",
            "password": "pbkdf2_sha256$870000$Qk8h0ihkNdrcKC2ekW8fOi$Pj2URU0YcbuWASWWQLcQPsru7YY3652KUikb5R6+qU0=",
            "role": "medicalStaff",
            "email": "emilydavis@healthcareims.com"
        }
    },
    {
        "model": "api.user",
        "pk": 7,
        "fields": {
            "username": "davidwhite",
            "password": "pbkdf2_sha256$870000$r9uPkhIIdeyl8q57TIv1NK$roqjE4uomk9M8HEWAfDzZ/OlDYvTpeGmO44MgYtTuRw=",
            "role": "medicalStaff",
            "email": "davidwhite@healthcareims.com"
        }
    },
    {
        "model": "api.user",
        "pk": 8,
        "fields": {
            "username": "lauraclark",
            "password": "pbkdf2_sha256$870000$KMkkYqTfDSTS0B3YqaMi4h$hFYOufvkSSHlYGOHXyPBEFEanz7mV4FIO+0QC8GL0m0=",
            "role": "medicalStaff",
            "email": "lauraclark@healthcareims.com"
        }
    },
    {
        "model": "api.user",
        "pk": 9,
        "fields": {
            "username": "williamharris",
            "password": "pbkdf2_sha256$870000$TKHrgSBmyyMi7MhZZigqLO$mFL8+dZhEUSdHqUDU8XbF2pAG2QPwyVtpI/ITzqrly0=",
            "role": "medicalStaff",
            "email": "williamharris@healthcareims.com"
        }
    },
    {
        "model": "api.user",
        "pk": 10,
        "fields": {
            "username": "oliviamartin",
            "password": "pbkdf2_sha256$870000$YrgyNAzTxRZZrLwrH5Vcyq$mvsTW5pFxON5w+iCnTK/amFMZlLhM6SslTrv7pktGpA=",
            "role": "medicalStaff",
            "email": "oliviamartin@healthcareims.com"
        }
    },
    {
        "model": "api.user",
        "pk": 11,
        "fields": {
            "username": "jamestaylor",
            "password": "pbkdf2_sha256$870000$vsRAigyCYpnsG7t0X2YznQ$uaZxI9UN4ujnSpRwZ5oL+wedb2c7VaL7riVpjg2gHQo=",
            "role": "medicalStaff",
            "email": "jamestaylor@healthcareims.com"
        }
    },
    {
        "model": "api.user",
        "pk": 12,
        "fields": {
            "username": "alicebrown",
            "password": "pbkdf2_sha256$870000$HlIb7379BWRGHR5YmhZPmV$n08lQiUojJim+k0Ye0x3gXRZCeFxBWgRsbn9RmiKqm4=",
            "role": "patient",
            "email": "alicebrown@healthcareims.com"
        }
    },
    {
        "model": "api.user",
        "pk": 13,
        "fields": {
            "username": "bobwhite",
            "password": "pbkdf2_sha256$870000$BS1umSe1pLk7K5TMWME3hE$PoV76kjnLKu1NJlcwFYhnNudc6sLxtFJ6tLnPHBYljo=",
            "role": "patient",
            "email": "bobwhite@healthcareims.com"
        }
    },
    {
        "model": "api.user",
        "pk": 14,
        "fields": {
            "username": "charlieblack",
            "password": "pbkdf2_sha256$870000$vLp5PyCcmBMHNl55N2tanB$pJdHigJ4KsTSPTTFUucD2BdYpDTb92wDvPhLwMAe2NQ=",
            "role": "patient",
            "email": "charlieblack@healthcareims.com"
        }
    },
    {
        "model": "api.user",
        "pk": 15,
        "fields": {
            "username": "dianagreen",
            "password": "pbkdf2_sha256$870000$H7EWLEf4JLRkNxA6iBwGbN$zLGhAKRuq37pWwqszZIn18e2lBBcUGiR3cWWk/N4zB8=",
            "role": "patient",
            "email": "dianagreen@healthcareims.com"
        }
    },
    {
        "model": "api.user",
        "pk": 16,
        "fields": {
            "username": "evablue",
            "password": "pbkdf2_sha256$870000$Y8UFiSksFOftD6TxbX4hLt$4kiXG7PWi49wwSABMEAJx4nlk0oDiRZPLgLEfop2iG8=",
            "role": "patient",
            "email": "evablue@healthcareims.com"
        }
    },
    {
        "model": "api.user",
        "pk": 17,
        "fields": {
            "username": "frankred",
            "password": "pbkdf2_sha256$870000$8jxMU6cvrLVVcaiOHN68Ee$yGrHazWN9rhYuZtWzStS/+OoGadnehLdO06LmqOzWEU=",
            "role": "patient",
            "email": "frankred@healthcareims.com"
        }
    },
    {
        "model": "api.user",
        "pk": 18,
        "fields": {
            "username": "graceyellow",
            "password": "pbkdf2_sha256$870000$C4h4GEU5krXNE40yB00cfk$RAVtkwKehIyarx32PijiLI+RgnTOMa/OwmPTpxcmE9g=",
            "role": "patient",
            "email": "graceyellow@healthcareims.com"
        }
    },
    {
        "model": "api.user",
        "pk": 19,
        "fields": {
            "username": "henrypurple",
            "password": "pbkdf2_sha256$870000$THJ2XvnkpfyfV5s4zXJD03$olXQapUYdqR/3J+nc5ng+ar5rSDQ8Hnu6/+jTibPszU=",
            "role": "patient",
            "email": "henrypurple@healthcareims.com"
        }
    },
    {
        "model": "api.user",
        "pk": 20,
        "fields": {
            "username": "islapink",
            "password": "pbkdf2_sha256$870000$W6McKR9rclikeoU6YZImX5$AW88sLzGeQ3YjT1+FUBnX1hvGELZAHWuz/Il50oQ960=",
            "role": "patient",
            "email": "islapink@healthcareims.com"
        }
    },
    {
        "model": "api.user",
        "pk": 21,
        "fields": {
            "username": "jackgrey",
            "password": "pbkdf2_sha256$870000$eRnN4cuU798Zta7nrxKRwl$/ZTx0Dz/cmvrDbzs1CASWxiL5KQdCGuqspjNHogy2Xo=",
            "role": "patient",
            "email": "jackgrey@healthcareims.com"
        }
    },
    {
        "model": "api.user",
        "pk": 22,
        "fields": {
            "username": "karenblack",
            "password": "pbkdf2_sha256$870000$M0drBtY3qMXsYz4bY5KOzp$7P7fhJcbBYlQ0TK35cnEOjnmTkhrJ5JX9ctoM1KK93I=",
            "role": "patient",
            "email": "karenblack@healthcareims.com"
        }
    },
    {
        "model": "api.user",
        "pk": 23,
        "fields": {
            "username": "louiseclear",
            "password": "pbkdf2_sha256$870000$kn9NC6vFrqNQBVVQLDj8XY$9iJfhb345fu3N6LdHkY/K667CsdYHHfpj73Qoy9i+kE=",
            "role": "patient",
            "email": "louiseclear@healthcareims.com"
        }
    },
    {
        "model": "api.user",
        "pk": 24,
        "fields": {
            "username": "martinsilver",
            "password": "pbkdf2_sha256$870000$gQxLqQOi5cCyme5LJ1J9Lx$hUfd+AaSK29pqtgEndZeat2t0dM7smeaSOrEUiQOg9I=",
            "role": "patient",
            "email": "martinsilver@healthcareims.com"
        }
    },
    {
        "model": "api.user",
        "pk": 25,
        "fields": {
            "username": "nataliedee",
            "password": "pbkdf2_sha256$870000$Becb9oYnYVuKvtajG8KQLx$wCZydJeMKaQZWbemkfCrwnzL0xMHbsKysEWQwbqRYN4=",
            "role": "patient",
            "email": "nataliedee@healthcareims.com"
        }
    },
    {
        "model": "api.user",
        "pk": 26,
        "fields": {
            "username": "owengray",
            "password": "pbkdf2_sha256$870000$QuL6RsUUuE458gs6kpar0k$GMchCV/RGJATU0Oyn6tXwl2paVh9CmtKwXAqGSPNr3E=",
            "role": "patient",
            "email": "owengray@healthcareims.com"
        }
    },
    {
        "model": "api.user",
        "pk": 27,
        "fields": {
            "username": "paulmcginn",
            "password": "pbkdf2_sha256$870000$0Vx73PwNvsDxqqzgBDVyw8$dBB3K4UQOMbyfwylZ75VxKZrG7YExUiuB1iSmA6TMRw=",
            "role": "patient",
            "email": "paulmcginn@healthcareims.com"
        }
    },
    {
        "model": "api.user",
        "pk": 28,
        "fields": {
            "username": "quincyblue",
            "password": "pbkdf2_sha256$870000$tjS2xPIVPdxU0UeBSwzwSv$RuHEuRlE5qst2WjmswDcsXSUoafDLJBCgCkwNGrXxe0=",
            "role": "patient",
            "email": "quincyblue@healthcareims.com"
        }
    },
    {
        "model": "api.user",
        "pk": 29,
        "fields": {
            "username": "rachelfox",
            "password": "pbkdf2_sha256$870000$XLb1y2uOxhwftCghDL82KK$MRtctR5oL8lnR8sg7nXZ6JJx8i3k9Ha8R2X3kc3ndvo=",
            "role": "patient",
            "email": "rachelfox@healthcareims.com"
        }
    },
    {
        "model": "api.user",
        "pk": 30,
        "fields": {
            "username": "samuelgreen",
            "password": "pbkdf2_sha256$870000$HNSsWksOaXENzCdzqs3i9b$o8L6QyRF1djvsTQJEBxYxn2f8jkXnoA7jBKf0fv/as8=",
            "role": "patient",
            "email": "samuelgreen@healthcareims.com"
        }
    },
    {
        "model": "api.user",
        "pk": 31,
        "fields": {
            "username": "tessawhite",
            "password": "pbkdf2_sha256$870000$vyiJJNoub2rHYmwodWt49H$GgbuhvFpq7KIUtcmPGbSeRd/yJ89+a1CmnQjoZ4MxW0=",
            "role": "patient",
            "email": "tessawhite@healthcareims.com"
        }
    },
    {
        "model": "api.medicalstaff",
        "pk": 1,
        "fields": {
            "user": 2,
            "name": "John Doe",
            "role": "doctor",
            "contact_info": "Contact info for John Doe",
            "employee_status": "active"
        }
    },
    {
        "model": "api.medicalstaff",
        "pk": 2,
        "fields": {
            "user": 3,
            "name": "Jane Smith",
            "role": "radiologist",
            "contact_info": "Contact info for Jane Smith",
            "employee_status": "active"
        }
    },
    {
        "model": "api.medicalstaff",
        "pk": 3,
        "fields": {
            "user": 4,
            "name": "Sarah Lee",
            "role": "doctor",
            "contact_info": "Contact info for Sarah Lee",
            "employee_status": "active"
        }
    },
    {
        "model": "api.medicalstaff",
        "pk": 4,
        "fields": {
            "user": 5,
            "name": "Michael Johnson",
            "role": "radiologist",
            "contact_info": "Contact info for Michael Johnson",
            "employee_status": "active"
        }
    },
    {
        "model": "api.medicalstaff",
        "pk": 5,
        "fields": {
            "user": 6,
            "name": "Emily Davis",
            "role": "doctor",
            "contact_info": "Contact info for Emily Davis",
            "employee_status": "active"
        }
    },
    {
        "model": "api.medicalstaff",
        "pk": 6,
        "fields": {
            "user": 7,
            "name": "David White",
            "role": "doctor",
            "contact_info": "Contact info for David White",
            "employee_status": "active"
        }
    },
    {
        "model": "api.medicalstaff",
        "pk": 7,
        "fields": {
            "user": 8,
            "name": "Laura Clark",
            "role": "doctor",
            "contact_info": "Contact info for Laura Clark",
            "employee_status": "active"
        }
    },
    {
        "model": "api.medicalstaff",
        "pk": 8,
        "fields": {
            "user": 9,
            "name": "William Harris",
            "role": "radiologist",
            "contact_info": "Contact info for William Harris",
            "employee_status": "active"
        }
    },
    {
        "model": "api.medicalstaff",
        "pk": 9,
        "fields": {
            "user": 10,
            "name": "Olivia Martin",
            "role": "radiologist",
            "contact_info": "Contact info for Olivia Martin",
            "employee_status": "active"
        }
    },
    {
        "model": "api.medicalstaff",
        "pk": 10,
        "fields": {
            "user": 11,
            "name": "James Taylor",
            "role": "radiologist",
            "contact_info": "Contact info for James Taylor",
            "employee_status": "active"
        }
    },
    {
        "model": "api.patient",
        "pk": 1,
        "fields": {
            "user": 12,
            "name": "Alice Brown",
            "address": "123 Main Street, Springfield",
            "date_of_birth": "1985-05-15",
            "diagnosis": "Hypertension",
            "diagnosis_date": "2022-03-10",
            "conditions": "High Blood Pressure",
            "cost": "250.00"
        }
    },
    {
        "model": "api.patient",
        "pk": 2,
        "fields": {
            "user": 13,
            "name": "Bob White",
            "address": "456 Elm Street, Shelbyville",
            "date_of_birth": "1978-11-22",
            "diagnosis": "Diabetes Type 2",
            "diagnosis_date": "2020-08-15",
            "conditions": "Insulin Dependent",
            "cost": "300.00"
        }
    },
    {
        "model": "api.patient",
        "pk": 3,
        "fields": {
            "user": 14,
            "name": "Charlie Black",
            "address": "789 Pine Road, Capital City",
            "date_of_birth": "1990-09-10",
            "diagnosis": "Asthma",
            "diagnosis_date": "2018-01-25",
            "conditions": "Chronic Respiratory Issues",
            "cost": "200.00"
        }
    },
    {
        "model": "api.patient",
        "pk": 4,
        "fields": {
            "user": 15,
            "name": "Diana Green",
            "address": "321 Cedar Avenue, Ogdenville",
            "date_of_birth": "1982-02-12",
            "diagnosis": "Anemia",
            "diagnosis_date": "2015-05-30",
            "conditions": "Iron Deficiency",
            "cost": "180.00"
        }
    },
    {
        "model": "api.patient",
        "pk": 5,
        "fields": {
            "user": 16,
            "name": "Eva Blue",
            "address": "654 Willow Street, North Haverbrook",
            "date_of_birth": "1995-07-20",
            "diagnosis": "Migraine",
            "diagnosis_date": "2019-10-10",
            "conditions": "Chronic Headaches",
            "cost": "220.00"
        }
    },
    {
        "model": "api.patient",
        "pk": 6,
        "fields": {
            "user": 17,
            "name": "Frank Red",
            "address": "987 Oak Lane, Brockway",
            "date_of_birth": "1972-03-05",
            "diagnosis": "Arthritis",
            "diagnosis_date": "2010-07-12",
            "conditions": "Joint Pain",
            "cost": "270.00"
        }
    },
    {
        "model": "api.patient",
        "pk": 7,
        "fields": {
            "user": 18,
            "name": "Grace Yellow",
            "address": "111 Maple Drive, Springfield",
            "date_of_birth": "1988-08-30",
            "diagnosis": "Anxiety",
            "diagnosis_date": "2021-05-05",
            "conditions": "Generalized Anxiety Disorder",
            "cost": "150.00"
        }
    },
    {
        "model": "api.patient",
        "pk": 8,
        "fields": {
            "user": 19,
            "name": "Henry Purple",
            "address": "222 Birch Road, Shelbyville",
            "date_of_birth": "1981-12-25",
            "diagnosis": "Hypertension",
            "diagnosis_date": "2018-02-18",
            "conditions": "High Blood Pressure",
            "cost": "260.00"
        }
    },
    {
        "model": "api.patient",
        "pk": 9,
        "fields": {
            "user": 20,
            "name": "Isla Pink",
            "address": "333 Cherry Lane, Ogdenville",
            "date_of_birth": "1992-01-14",
            "diagnosis": "Diabetes Type 1",
            "diagnosis_date": "2015-12-11",
            "conditions": "Insulin Dependent",
            "cost": "400.00"
        }
    },
    {
        "model": "api.patient",
        "pk": 10,
        "fields": {
            "user": 21,
            "name": "Jack Grey",
            "address": "444 Aspen Way, Capital City",
            "date_of_birth": "1984-06-19",
            "diagnosis": "Sleep Apnea",
            "diagnosis_date": "2020-11-02",
            "conditions": "Obstructive Sleep Apnea",
            "cost": "350.00"
        }
    },
    {
        "model": "api.patient",
        "pk": 11,
        "fields": {
            "user": 22,
            "name": "Karen Black",
            "address": "555 Sycamore Street, Springfield",
            "date_of_birth": "1975-09-09",
            "diagnosis": "Thyroid Disorder",
            "diagnosis_date": "2017-04-14",
            "conditions": "Hypothyroidism",
            "cost": "330.00"
        }
    },
    {
        "model": "api.patient",
        "pk": 12,
        "fields": {
            "user": 23,
            "name": "Louise Clear",
            "address": "666 Beech Avenue, Shelbyville",
            "date_of_birth": "1997-12-31",
            "diagnosis": "Chronic Back Pain",
            "diagnosis_date": "2023-06-21",
            "conditions": "Spinal Issues",
            "cost": "310.00"
        }
    },
    {
        "model": "api.patient",
        "pk": 13,
        "fields": {
            "user": 24,
            "name": "Martin Silver",
            "address": "777 Laurel Lane, Ogdenville",
            "date_of_birth": "1986-03-01",
            "diagnosis": "Depression",
            "diagnosis_date": "2016-08-25",
            "conditions": "Clinical Depression",
            "cost": "290.00"
        }
    },
    {
        "model": "api.patient",
        "pk": 14,
        "fields": {
            "user": 25,
            "name": "Natalie Dee",
            "address": "888 Chestnut Drive, North Haverbrook",
            "date_of_birth": "1989-04-22",
            "diagnosis": "Epilepsy",
            "diagnosis_date": "2014-10-30",
            "conditions": "Seizure Disorder",
            "cost": "320.00"
        }
    },
    {
        "model": "api.patient",
        "pk": 15,
        "fields": {
            "user": 26,
            "name": "Owen Gray",
            "address": "999 Poplar Court, Brockway",
            "date_of_birth": "1979-07-16",
            "diagnosis": "Heart Disease",
            "diagnosis_date": "2011-02-19",
            "conditions": "Coronary Artery Disease",
            "cost": "500.00"
        }
    },
    {
        "model": "api.patient",
        "pk": 16,
        "fields": {
            "user": 27,
            "name": "Paul McGinn",
            "address": "123 Elmwood Road, Springfield",
            "date_of_birth": "1993-02-05",
            "diagnosis": "Anxiety",
            "diagnosis_date": "2023-05-12",
            "conditions": "Panic Disorder",
            "cost": "180.00"
        }
    },
    {
        "model": "api.patient",
        "pk": 17,
        "fields": {
            "user": 28,
            "name": "Quincy Blue",
            "address": "234 Walnut Street, Shelbyville",
            "date_of_birth": "1983-11-03",
            "diagnosis": "Migraines",
            "diagnosis_date": "2019-09-09",
            "conditions": "Cluster Headaches",
            "cost": "210.00"
        }
    },
    {
        "model": "api.patient",
        "pk": 18,
        "fields": {
            "user": 29,
            "name": "Rachel Fox",
            "address": "345 Willow Street, Capital City",
            "date_of_birth": "1991-05-27",
            "diagnosis": "Asthma",
            "diagnosis_date": "2010-12-15",
            "conditions": "Severe Respiratory Issues",
            "cost": "250.00"
        }
    },
    {
        "model": "api.patient",
        "pk": 19,
        "fields": {
            "user": 30,
            "name": "Samuel Green",
            "address": "456 Birch Avenue, Ogdenville",
            "date_of_birth": "1987-08-10",
            "diagnosis": "Arthritis",
            "diagnosis_date": "2015-06-22",
            "conditions": "Osteoarthritis",
            "cost": "270.00"
        }
    },
    {
        "model": "api.patient",
        "pk": 20,
        "fields": {
            "user": 31,
            "name": "Tessa White",
            "address": "567 Pine Road, Brockway",
            "date_of_birth": "1980-04-12",
            "diagnosis": "Diabetes Type 2",
            "diagnosis_date": "2008-03-03",
            "conditions": "Diet-Controlled",
            "cost": "290.00"
        }
    },
    {
        "model": "api.image",
        "pk": 1,
        "fields": {
            "type": "X-ray",
            "timestamp": "2025-01-22T10:00:00",
            "classification": "Normal",
            "patient": 1,
            "file": "images/default.png"
        }
    },
    {
        "model": "api.image",
        "pk": 2,
        "fields": {
            "type": "MRI",
            "timestamp": "2025-01-22T11:00:00",
            "classification": "Abnormal",
            "patient": 2,
            "file": "images/default.png"
        }
    },
    {
        "model": "api.image",
        "pk": 3,
        "fields": {
            "type": "X-ray",
            "timestamp": "2025-01-22T12:00:00",
            "classification": "Normal",
            "patient": 3,
            "file": "images/default.png"
        }
    },
    {
        "model": "api.image",
        "pk": 4,
        "fields": {
            "type": "Ultrasound",
            "timestamp": "2025-01-22T13:00:00",
            "classification": "Normal",
            "patient": 4,
            "file": "images/default.png"
        }
    },
    {
        "model": "api.image",
        "pk": 5,
        "fields": {
            "type": "CT Scan",
            "timestamp": "2025-01-22T14:00:00",
            "classification": "Abnormal",
            "patient": 5,
            "file": "images/default.png"
        }
    },
    {
        "model": "api.image",
        "pk": 6,
        "fields": {
            "type": "MRI",
            "timestamp": "2025-01-22T15:00:00",
            "classification": "Normal",
            "patient": 6,
            "file": "images/default.png"
        }
    },
    {
        "model": "api.image",
        "pk": 7,
        "fields": {
            "type": "X-ray",
            "timestamp": "2025-01-22T16:00:00",
            "classification": "Abnormal",
            "patient": 7,
            "file": "images/default.png"
        }
    },
    {
        "model": "api.image",
        "pk": 8,
        "fields": {
            "type": "Ultrasound",
            "timestamp": "2025-01-22T17:00:00",
            "classification": "Normal",
            "patient": 8,
            "file": "images/default.png"
        }
    },
    {
        "model": "api.image",
        "pk": 9,
        "fields": {
            "type": "CT Scan",
            "timestamp": "2025-01-22T18:00:00",
            "classification": "Normal",
            "patient": 9,
            "file": "images/default.png"
        }
    },
    {
        "model": "api.image",
        "pk": 10,
        "fields": {
            "type": "X-ray",
            "timestamp": "2025-01-22T19:00:00",
            "classification": "Abnormal",
            "patient": 10,
            "file": "images/default.png"
        }
    },
    {
        "model": "api.invoice",
        "pk": 1,
        "fields": {
            "total_amount": 500.0,
            "date_issued": "2025-01-22",
            "patient": 1
        }
    },
    {
        "model": "api.invoice",
        "pk": 2,
        "fields": {
            "total_amount": 300.0,
            "date_issued": "2025-01-22",
            "patient": 2
        }
    },
    {
        "model": "api.invoice",
        "pk": 3,
        "fields": {
            "total_amount": 700.0,
            "date_issued": "2025-01-22",
            "patient": 3
        }
    },
    {
        "model": "api.invoice",
        "pk": 4,
        "fields": {
            "total_amount": 600.0,
            "date_issued": "2025-01-22",
            "patient": 4
        }
    },
    {
        "model": "api.invoice",
        "pk": 5,
        "fields": {
            "total_amount": 450.0,
            "date_issued": "2025-01-22",
            "patient": 5
        }
    },
    {
        "model": "api.invoice",
        "pk": 6,
        "fields": {
            "total_amount": 550.0,
            "date_issued": "2025-01-22",
            "patient": 6
        }
    },
    {
        "model": "api.invoice",
        "pk": 7,
        "fields": {
            "total_amount": 650.0,
            "date_issued": "2025-01-22",
            "patient": 7
        }
    },
    {
        "model": "api.invoice",
        "pk": 8,
        "fields": {
            "total_amount": 400.0,
            "date_issued": "2025-01-22",
            "patient": 8
        }
    },
    {
        "model": "api.invoice",
        "pk": 9,
        "fields": {
            "total_amount": 750.0,
            "date_issued": "2025-01-22",
            "patient": 9
        }
    },
    {
        "model": "api.invoice",
        "pk": 10,
        "fields": {
            "total_amount": 800.0,
            "date_issued": "2025-01-22",
            "patient": 10
        }
    },
    {
        "model": "api.diagnosticreport",
        "pk": 1,
        "fields": {
            "report_date": "2025-01-22",
            "diagnosis": "Normal X-ray report",
            "medical_staff": 1,
            "patient": 1,
            "images": [
                1
            ]
        }
    },
    {
        "model": "api.diagnosticreport",
        "pk": 2,
        "fields": {
            "report_date": "2025-01-22",
            "diagnosis": "MRI report showing abnormalities",
            "medical_staff": 2,
            "patient": 2,
            "images": [
                2
            ]
        }
    },
    {
        "model": "api.diagnosticreport",
        "pk": 3,
        "fields": {
            "report_date": "2025-01-22",
            "diagnosis": "Normal X-ray report",
            "medical_staff": 3,
            "patient": 3,
            "images": [
                3
            ]
        }
    },
    {
        "model": "api.diagnosticreport",
        "pk": 4,
        "fields": {
            "report_date": "2025-01-22",
            "diagnosis": "Ultrasound report showing normal results",
            "medical_staff": 4,
            "patient": 4,
            "images": [
                4
            ]
        }
    },
    {
        "model": "api.diagnosticreport",
        "pk": 5,
        "fields": {
            "report_date": "2025-01-22",
            "diagnosis": "CT Scan report with abnormalities",
            "medical_staff": 5,
            "patient": 5,
            "images": [
                5
            ]
        }
    },
    {
        "model": "api.diagnosticreport",
        "pk": 6,
        "fields": {
            "report_date": "2025-01-22",
            "diagnosis": "MRI report showing normal results",
            "medical_staff": 6,
            "patient": 6,
            "images": [
                6
            ]
        }
    },
    {
        "model": "api.diagnosticreport",
        "pk": 7,
        "fields": {
            "report_date": "2025-01-22",
            "diagnosis": "X-ray report showing abnormalities",
            "medical_staff": 7,
            "patient": 7,
            "images": [
                7
            ]
        }
    },
    {
        "model": "api.diagnosticreport",
        "pk": 8,
        "fields": {
            "report_date": "2025-01-22",
            "diagnosis": "Ultrasound report showing normal results",
            "medical_staff": 8,
            "patient": 8,
            "images": [
                8
            ]
        }
    },
    {
        "model": "api.diagnosticreport",
        "pk": 9,
        "fields": {
            "report_date": "2025-01-22",
            "diagnosis": "CT Scan report with normal results",
            "medical_staff": 9,
            "patient": 9,
            "images": [
                9
            ]
        }
    },
    {
        "model": "api.diagnosticreport",
        "pk": 10,
        "fields": {
            "report_date": "2025-01-22",
            "diagnosis": "X-ray report showing abnormalities",
            "medical_staff": 10,
            "patient": 10,
            "images": [
                10
            ]
        }
    },
    {
        "model": "api.payment",
        "pk": 1,
        "fields": {
            "amount": 500.0,
            "payment_date": "2025-01-22",
            "payment_method": "card",
            "invoice": 1
        }
    },
    {
        "model": "api.payment",
        "pk": 2,
        "fields": {
            "amount": 300.0,
            "payment_date": "2025-01-22",
            "payment_method": "cash",
            "invoice": 2
        }
    },
    {
        "model": "api.payment",
        "pk": 3,
        "fields": {
            "amount": 700.0,
            "payment_date": "2025-01-22",
            "payment_method": "card",
            "invoice": 3
        }
    },
    {
        "model": "api.payment",
        "pk": 4,
        "fields": {
            "amount": 600.0,
            "payment_date": "2025-01-22",
            "payment_method": "cash",
            "invoice": 4
        }
    },
    {
        "model": "api.payment",
        "pk": 5,
        "fields": {
            "amount": 450.0,
            "payment_date": "2025-01-22",
            "payment_method": "card",
            "invoice": 5
        }
    },
    {
        "model": "api.payment",
        "pk": 6,
        "fields": {
            "amount": 550.0,
            "payment_date": "2025-01-22",
            "payment_method": "cash",
            "invoice": 6
        }
    },
    {
        "model": "api.payment",
        "pk": 7,
        "fields": {
            "amount": 650.0,
            "payment_date": "2025-01-22",
            "payment_method": "card",
            "invoice": 7
        }
    },
    {
        "model": "api.payment",
        "pk": 8,
        "fields": {
            "amount": 400.0,
            "payment_date": "2025-01-22",
            "payment_method": "cash",
            "invoice": 8
        }
    },
    {
        "model": "api.payment",
        "pk": 9,
        "fields": {
            "amount": 750.0,
            "payment_date": "2025-01-22",
            "payment_method": "card",
            "invoice": 9
        }
    },
    {
        "model": "api.payment",
        "pk": 10,
        "fields": {
            "amount": 800.0,
            "payment_date": "2025-01-22",
            "payment_method": "cash",
            "invoice": 10
        }
    }
]